"Codi_Senyal","Descripció_Senyal"
"A-1","Aparcament Autoritzat"
"A-10","Pàrquing d'autocaravanes, camions i autocars"
"A-11","Aparcament prohibit"
"A-12","Aparcament prohibit"
"A-13","Aparcament prohibit"
"A-13a","Aparcament prohibit"
"A-13b","Aparcament prohibit"
"A-14","Aparcament prohibit"
"A-14a","Aparcament prohibit"
"A-14b","Aparcament prohibit"
"A-14c","Aparcament prohibit"
"A-15","Aparcament prohibit"
"A-17","Aparcament prohibit 30cm d'amplada"
"A-17a","Aparcament prohibit 30cm d'amplada"
"A-17b","Aparcament prohibit 30cm d'amplada"
"A-18","Aparcament prohibit 30cm d'amplada"
"A-18a","Aparcament prohibit 30cm d'amplada"
"A-18b","Aparcament prohibit 30cm d'amplada"
"A-1a","Aparcament Autoritzat"
"A-1b","Aparcament Autoritzat"
"A-1c","Aparcament Autoritzat"
"A-2","Aparcament Autoritzat"
"A-21_OBSOLET","Estacionamiento Limitado y Controlado"
"A-22_OBSOLET","Estacionamiento Limitado y Controlado"
"A-23_OBSOLET","Estacionamiento Limitado y Controlado"
"A-24_OBSOLET","Estacionamiento Limitado y Controlado"
"A-25_LD","Zona Azul Lunes - Domingo"
"A-25_LD2H","Zona Azul Lunes - Domingo 2h Estacionamiento Máx."
"A-25_LD3H","Zona Azul Lunes - Domingo 3h Estacionamiento Máx."
"A-25_LD4H","Zona Azul Lunes - Domingo 4h Estacionamiento Máx."
"A-25_LS","Zona Azul Lunes - Sábado"
"A-25_LV","Zona Azul Lunes - Viernes"
"A-25_LV2H","Zona Azul Lunes - Viernes 2h Estacionamiento Máx."
"A-25_LV3H","Zona Azul Lunes - Viernes 3h Estacionamiento Máx."
"A-25_LV4H","Zona Azul Lunes - Viernes 4h Estacionamiento Máx."
"A-25a","Zona Azul Lunes - Sábado 8-20h"
"A-25a_LS2H","Zona Azul Lunes - Sábado 2h Estacionamiento Máx."
"A-25a_LS3H","Zona Azul Lunes - Sábado 3h Estacionamiento Máx."
"A-25a_LS4H","Zona Azul Lunes - Sábado 4h Estacionamiento Máx."
"A-25b","Zona Azul Lunes - Viernes 8-20h y Sábados 9-14h"
"A-25c","Zona Azul Tots el dies excepte festius 9-14 i 16-20h"
"A-27","Zona Preferente de Residentes "
"A-27_S1","Zona Preferente de Residentes Zona 1 (Sábados)"
"A-27_S1-2","Zona Preferente de Residentes Zonas 1 y 2 (Sábados)"
"A-27_S2","Zona Preferente de Residentes Zona 2 (Sábados)"
"A-27_S3","Zona Preferente de Residentes Zona 3 (Sábados)"
"A-27_S3-4","Zona Preferente de Residentes Zona 3-4 (Sábados)"
"A-27_S4","Zona Preferente de Residentes Zona 4 (Sábados)"
"A-27_S5","Zona Preferente de Residentes Zona 5 (Sábados)"
"A-27_S5-16","Zona Preferente de Residentes Zonas 5 y 16 (Sábado)"
"A-27_V10","Zona Preferente de Residentes Zona 10 (Viernes)"
"A-27_V11","Zona Preferente de Residentes Zona 11 (Viernes)"
"A-27_V1-10","Zona Preferente de Residentes Zonas 1 y 10 (Viernes)"
"A-27_V11-12","Zona Preferente de Residentes Zonas 11 y 12 (Viernes)"
"A-27_V12","Zona Preferente de Residentes Zona 12 (Viernes)"
"A-27_V1-2","Zona Preferente de Residentes Zonas 1 y 2 (Viernes)"
"A-27_V12-13","Zona Preferente de Residentes Zonas 12 y 13 (Viernes)"
"A-27_V13","Zona Preferente de Residentes Zona 13 (Viernes)"
"A-27_V14","Zona Preferente de Residentes Zona 14 (Viernes)"
"A-27_V14-15","Zona Preferente de Residentes Zonas 14 y 15 (Viernes)"
"A-27_V15","Zona Preferente de Residentes Zona 15 (Viernes)"
"A-27_V16","Zona Preferente de Residentes Zona 16 (Viernes)"
"A-27_V16-17","Zona Preferente de Residentes Zonas 16 y 17 (Viernes)"
"A-27_V17","Zona Preferente de Residentes Zona 17 (Viernes)"
"A-27_V17-18","Zona Preferente de Residentes Zonas 17 y 18 (Viernes)"
"A-27_V17-23","Zona Preferente de Residentes Zonas 17 y 23 (Viernes)"
"A-27_V18","Zona Preferente de Residentes Zona 18 (Viernes)"
"A-27_V1-8","Zona Preferente de Residentes Zonas 1 y 8 (Viernes)"
"A-27_V18-19","Zona Preferente de Residentes Zonas 18 y 19 (Viernes)"
"A-27_V18-22","Zona Preferente de Residentes Zona 18 y 22 (Viernes)"
"A-27_V19","Zona Preferente de Residentes Zonas 19 (Viernes)"
"A-27_V2","Zona Preferente de Residentes Zona 2 (Viernes)"
"A-27_V20","Zona Preferente de Residentes Zonas 20 (Viernes)"
"A-27_V20-22","Zona Preferente de Residentes Zonas 20 y 22 (Viernes)"
"A-27_V21","Zona Preferente de Residentes Zona 21 (Viernes)"
"A-27_V21FIN","Fin Zona Preferente de Residentes Zona 21"
"A-27_V22","Zona Preferente de Residentes Zona 22 (Viernes)"
"A-27_V23","Zona Preferente de Residentes Zona 23 (Viernes)"
"A-27_V24","Zona Preferente de Residentes Zona 24 (Viernes)"
"A-27_V3","Zona Preferente de Residentes Zona 3 (Viernes)"
"A-27_V3-4","Zona Preferente de Residentes Zonas 3 y 4 (Viernes)"
"A-27_V4","Zona Preferente de Residentes Zona 4 (Viernes)"
"A-27_V5","Zona Preferente de Residentes Zona 5 (Viernes)"
"A-27_V5-16","Zona Preferente de Residentes Zonas 5 y 16 (Viernes)"
"A-27_V5-6","Zona Preferente de Residentes Zonas 5 y 6 (Viernes)"
"A-27_V5-6-16","Zona Preferente de Residentes Zonas 5, 6 y 16 (Viernes)"
"A-27_V5-7","Zona Preferente de Residentes Zonas 5 y 7 (Viernes)"
"A-27_V6","Zona Preferente de Residentes Zona 6 (Viernes)"
"A-27_V6-16","Zona Preferente de Residentes Zonas 6 y 16 (Viernes)"
"A-27_V6-16-17","Zona Preferente de Residentes Zonas 6, 16 y 17 (Viernes)"
"A-27_V6-17","Zona Preferente de Residentes Zonas 6 y 17 (Viernes)"
"A-27_V6-18","Zona Preferente de Residentes Zonas 6 y 18 (Viernes)"
"A-27_V7","Zona Preferente de Residentes Zona 7 (Viernes)"
"A-27_V7-8","Zona Preferente de Residentes Zonas 7 y 8 (Viernes)"
"A-27_V8","Zona Preferente de Residentes Zona 8 (Viernes)"
"A-27_V8-19","Zona Preferente de Residentes Zonas 8 y 19 (Viernes)"
"A-27_VH","Zona Preferente de Residentes Vall Hebron"
"A-27_ZU","Zona Preferente de Residentes Zona Universitaria"
"A-28","Zona Exclusiva de Residentes"
"A-28_Fi","Fi de Zona Exclusiva de Residentes"
"A-28_R20","Zona Exclusiva de Residentes Zona 20"
"A-28_S1","Zona Exclusiva de Residentes Zona 1 (Sábados)"
"A-28_V10","Zona Exclusiva de Residentes Zona 10 (Viernes)"
"A-28_V1-10","Zona Exclusiva de Residentes Zonas 1 y 10 (Viernes)"
"A-28_V16","Zona Exclusiva de Residentes Zona 16 (Viernes)"
"A-28_V16-17","Zona Exclusiva de Residentes Zona 18 (Viernes)"
"A-28_V18","Zona Exclusiva de Residentes Zona 18 (Viernes)"
"A-28_V6-18","Zona Exclusiva de Residentes Zones 6-18 (Viernes)"
"A-28_V9","Zona Exclusiva de Residentes Zona 9 (Viernes)"
"A-28_V9Fi","Fi de Zona Exclusiva de Residentes Zona 9 (Viernes)"
"A-2a","Aparcament Autoritzat"
"A-2b","Aparcament Autoritzat"
"A-3","Aparcament Autoritzat"
"A-31","Reserves d'aparcament - Ambulàncies"
"A-31a","Reserves d'aparcament - Ambulàncies"
"A-31b","Reserves d'aparcament - Ambulàncies"
"A-32","Reserves d'aparcament - PMR"
"A-32a","Reserves d'aparcament - PMR"
"A-32b","Reserves d'aparcament - PMR"
"A-33","Reserves d'aparcament - PMR amb horari"
"A-33a","Reserves d'aparcament - PMR amb horari"
"A-33b","Reserves d'aparcament - PMR amb horari"
"A-34","Reserves d'aparcament - PMR un vehicle"
"A-34a","Reserves d'aparcament - PMR un vehicle"
"A-34b","Reserves d'aparcament - PMR un vehicle"
"A-35","Reserves d'aparcament - PMR dos vehicles"
"A-35a","Reserves d'aparcament - PMR dos vehicles"
"A-35b","Reserves d'aparcament - PMR dos vehicles"
"A-36","Reserves d'aparcament - PMR tres vehicles"
"A-36a","Reserves d'aparcament - PMR tres vehicles"
"A-36b","Reserves d'aparcament - PMR tres vehicles"
"A-37","Reserves d'aparcament - PMR amb horari un vehicle"
"A-37a","Reserves d'aparcament - PMR amb horari un vehicle"
"A-37b","Reserves d'aparcament - PMR amb horari un vehicle"
"A-38","Reserves d'aparcament - PMR amb horari dos vehicles"
"A-38a","Reserves d'aparcament - PMR amb horari dos vehicles"
"A-38b","Reserves d'aparcament - PMR amb horari dos vehicles"
"A-39","Reserves d'aparcament - Cos Consular"
"A-39a","Reserves d'aparcament - Cos Consular"
"A-39b","Reserves d'aparcament - Cos Consular"
"A-3a","Aparcament Autoritzat - Motos"
"A-3b","Aparcament Autoritzat - Motos"
"A-3c","Aparcament Autoritzat - Motos"
"A-4","Aparcament Autoritzat - Motos amb horari"
"A-40","Reserves d'aparcament - Cos Consular amb horari"
"A-40a","Reserves d'aparcament - Cos Consular amb horari"
"A-40b","Reserves d'aparcament - Cos Consular amb horari"
"A-41","Reserves d'aparcament - Hidrant"
"A-41a","Reserves d'aparcament - Hidrant"
"A-41b","Reserves d'aparcament - Hidrant"
"A-42","Reserves d'aparcament"
"A-42a","Reserves d'aparcament - Hotel"
"A-42b","Reserves d'aparcament - Hotel"
"A-43_44_45_46","BCN Smart City Vehicle Elèctric"
"A-43_Endoll_OBS","Elèctric endoll"
"A-43_OBSOLET","Vehicle elèctric"
"A-44","Zona de recàrrega de turismes elèctrics"
"A-44_OBSOLET","Turismes elèctrics"
"A-44a","Zona de recàrrega de turismes elèctrics"
"A-44a_OBSOLET","Turismes elèctrics"
"A-44b","Zona de recàrrega de turismes elèctrics"
"A-44b_OBSOLET","Turismes elèctrics"
"A-45","Motos elèctriques"
"A-45a","Motos elèctriques"
"A-45b","Motos elèctriques"
"A-46","Zona de recàrrega elèctrica ràpida (excepte serveis públics)"
"A-4a","Aparcament Autoritzat - Motos amb horari"
"A-4b","Aparcament Autoritzat - Motos amb horari"
"A-5","Aparcament Autoritzat"
"A-50","Parquing"
"A-50_Coche","Aproximación a Parquing Turismos"
"A-50_Croquis01","Itinerario de Aproximación a Parquing"
"A-50_Croquis02","Itinerario de Aproximación a Parquing"
"A-50_Croquis03","Itinerario de Aproximación a Parquing"
"A-50_Croquis04","Indicación parking"
"A-50_Croquis05","Itinerario de Aproximación a Parquing"
"A-51","Itinerario de Aproximación a Parquing - Recta"
"A-52a","Itinerario de Aproximación a Parquing - Dreta"
"A-52b","Itinerario de Aproximación a Parquing - Dreta"
"A-52c","Itinerario de Aproximación a Parquing - Dreta"
"A-53a","Itinerario de Aproximación a Parquing - Esquerra"
"A-53b","Itinerario de Aproximación a Parquing - Esquerra"
"A-53c","Itinerario de Aproximación a Parquing - Esquerra"
"A-53d","Itinerario de Aproximación a Parquing - Esquerra"
"A-54","Itinerario de Aproximación a Parquing - Recta i Dreta"
"A-55","Itinerario de Aproximación a Parquing - Recta i Esquerra"
"A-56","Itinerario de Aproximación a Parquing - Dreta i Esquerra"
"A-56a","Itinerario de Aproximación a Parquing - Canvi de sentit"
"A-56a2","Itinerario de Aproximación a Parquing - Canvi de sentit 2"
"A-56b","Itinerario de Aproximación a Parquing - Canvi de calçada"
"A-56c","Itinerario de Aproximación a Parquing - Canvi de calçada"
"A-57","Aproximación a Parquing Autobuses - Recta"
"A-57_Picto","Itinerario de Aproximación a Parquing"
"A-58","Aproximación a Parquing Autobuses - Dreta"
"A-59","Aproximación a Parquing Autobuses - Esquerra"
"A-59_AEsquerra","Aproximación a Parquing Autobuses"
"A-59_Esquerra","Aproximación a Parquing Autobuses"
"A-5a","Aparcament Autoritzat - Autocars"
"A-5b","Aparcament Autoritzat - Autocars"
"A-5c","Aparcament Autoritzat - Autocars"
"A-6","Aparcament Autoritzat - Autocars Zona Bus"
"A-6_ZonaBus","Zona Bus"
"A-60","Pàrquing d'autocaravanes, camions i autocars - Recta"
"A-61","Pàrquing d'autocaravanes, camions i autocars - Dreta"
"A-62","Pàrquing d'autocaravanes, camions i autocars - Esquerra"
"A-62_CaravD","Estacionamiento Autocaravanas"
"A-62_CaravF","Estacionamiento Autocaravanas"
"A-62_CaravI","Estacionamiento Autocaravanas"
"A-6a","Aparcament Autoritzat - Autocars amb horari Zona Bus"
"A-7","Aparcamiento Bicicletas"
"A-8","Aparcament Autoritzat"
"A-9","Aparcament Autoritzat"
"A-9a","Aparcament Autoritzat"
"A-9b","Aparcament Autoritzat"
"AccesBicing1","Accés a estació Bicing en xamfrà 1"
"AccesBicing2","Accés a estació Bicing en xamfrà 1"
"AccesBicing3","Accés a estació Bicing en xamfrà 3"
"AltresD","Prohibit els altres dies"
"AltresH","Prohibit els altres horaris"
"Altresm","Prohibit els altres mesos"
"AREVI","Área de Peatones"
"ATCAM","Atenció camions 3.5 t prohibit girar dreta"
"B-1","Carril reservado para autobuses"
"B-11","Reserves de parada"
"B-11a","Reserva Bus"
"B-11b","Reserva Bus"
"B-11c","Reserves de parada"
"B-12a","Reserva Bus con Logo"
"B-12b","Reserva  Bus con Logo"
"B-13a","Parada Taxi Fletxa Esquerra"
"B-13b","Parada Taxi Fletxa Dreta"
"B-14","Reserva de Taxis"
"B-14a","Reserva de Taxis"
"B-14b","Reserva de Taxis"
"B-15","Parada taxi elèctric"
"B-16a","Reserva per obres"
"B-16b","Reserva per obres"
"B-21","Carga y Descarga LV 8-14h"
"B-21_OLD","Carga y Descarga LV 8-14h"
"B-22","Carga y Descarga LV 8-20h"
"B-22_OLD","Carga y Descarga LV 8-20h"
"B-23","Carga y Descarga LV 8-20h S 8-14h"
"B-23_OLD","Carga y Descarga LV 8-20h S 8-14h"
"B-24","Carga y Descarga LS 8-14h"
"B-24_OLD","Carga y Descarga LS 8-14h"
"B-25","Carga y Descarga LS 8-20h"
"B-25_OLD","Carga y Descarga LS 8-20h"
"B-26","Carga y Descarga Altres Horaris"
"B-27a","Carga y Descarga LS 8-11 i 15-17h"
"B-28","Vehicles elèctrics"
"B2A","Panel Direccional Largo Izquierda"
"B-2a","Carril reservado para autobuses"
"B2AR","Panel Direccional Largo Izquierda Rojo"
"B2B","Panel Direccional Largo Derecha"
"B-2b","Carril reservado para autobuses"
"B2BR","Panel Direccional Largo Derecha Rojo"
"B2C","Panel Direccional Corto Izquierda"
"B-2c","Carril reservado para autobuses"
"B2D","Panel Direccional Corto Derecha"
"B-2d","Carril reservado para autobuses"
"B-2e","Carril reservado para autobuses"
"B-2f","Carril reservado para autobuses"
"B3_Genèric","Carril Reservado Bus - Taxi"
"B3_Genèric2","Carril Reservado Bus - Taxi"
"B-31","Reserva Carga y Descarga"
"B-31a","Reserva Carga y Descarga"
"B-31b","Reserva Carga y Descarga"
"B-32","Reserva Carga y Descarga"
"B-32a","Reserva Carga y Descarga"
"B-32b","Reserva Carga y Descarga"
"B-33","Reserva Carga y Descarga"
"B-33a","Reserva Carga y Descarga"
"B-33b","Reserva Carga y Descarga"
"B-34","Reserva Carga y Descarga"
"B-34a","Reserva Carga y Descarga"
"B-34b","Reserva Carga y Descarga"
"B-35","Reserva Carga y Descarga"
"B-35a","Reserva Carga y Descarga"
"B-35b","Reserva Carga y Descarga"
"B-36","Reserva Carga y Descarga"
"B-36a","Reserva Carga y Descarga"
"B-36b","Reserva Carga y Descarga"
"B-37","Reserva Carga y Descarga"
"B-37a","Reserva Carga y Descarga"
"B-37b","Reserva Carga y Descarga"
"B-3a","Carril Reservado Bus - Taxi - Dill.-Div. 7-22h"
"B-3b","Carril Reservado Bus - Taxi - Dill.-Div. 7-22h Inclús motos"
"B-40","Zona d'access restringit"
"B-41","Control de radar 50km/h"
"B-41_30","Control de radar 30 Km/h"
"B-42","Radar tram"
"B-42a","Radar"
"B-43","Final radar tram"
"B-44","Carrils centrals reversibles"
"B-45","Zona avançada per a motos"
"B-46","Zona escolar"
"B-47","Carrer amb sortida per vianants i bicicletess"
"B-47_OBSOLET","Carrer amb sortida per vianants i bicicletess"
"B-47a","Carrer amb sortida per vianants i bicicletess"
"B-48","Zona sensible"
"B-49","Plaqueta de numeració de carrer"
"B-49_Bici-Cotxe","Plaqueta de numeració de carrer"
"B-4a","Carril Reservado Bus - Taxi"
"B-4b","Carril Reservado Bus - Taxi"
"B-50","Atenció vianants: autobus"
"B-51","Atenció vianants: tramvia"
"B-52","Control de matrícules"
"B-53a","Càmera de trànsit"
"B-53b","Càmera de trànsit"
"B-54","Fitó automàtic"
"B-55a","Control Fotogràfic"
"B-55b","Control fotogràfic Diàmetre 40cm"
"B-56","Camí reservat per a bicicletes i vianants"
"B-57","Punt verd mòbil"
"B-5a","Multiús"
"B-5a2","Multiús"
"B-5b","Multiús"
"B-60a","Àrea de vianants"
"B-60b","Àrea de vianants"
"B-60c","Àrea de vianants"
"B-60d","Àrea de vianants"
"B-60e","Àrea de vianants"
"B-60f","Àrea de vianants"
"B-80","Carril Bici Recto"
"B-81a","Carril Bici Curva Izquierda"
"B-81b","Carril Bici Izquierda"
"B-82a","Carril Bici Curva Derecha"
"B-82b","Carril Bici Derecha"
"B-83a","Carril Bici Recto e Izquierda"
"B-83b","Carril Bici Recto y Derecha"
"B-84","Carril Bici Curvas Izquierda y Derecha"
"B-85a","Carril Bici"
"B-85b","Carril Bici"
"B-86","Otros servicios"
"B-87a","Gasolinera Moviment a l'esquerra"
"B-87b","Otros servicios"
"B-88a","Gasolinera Moviment a la dreta"
"B-88b","Gasolinera Moviment a la dreta"
"B-89","Electrolinera Direcció recta"
"B-90a","Electrolinera Moviment a l'esquerra"
"B-90b","Electrolinera Moviment a l'esquerra"
"B-91a","Electrolinera Moviment a la dreta"
"B-91b","Gasolinera Moviment a la dreta"
"B-92","Punt Verd Recte"
"B-93a","Punt Verd Esquerra"
"B-93b","Punt Verd Esquerra recte"
"B-94a","Punt Verd Dreta"
"B-94b","Punt Verd Dreta recte"
"BCNETA","Barceloneta"
"BICBLA","Carril Bici"
"BICI_CurvaDre",""
"BICI_CurvaIzq",""
"BICI3","Carril Bici Todas Direcciones"
"BICIS1","BICIS1"
"BICIVD","Carril Bici Cambio de Sentido"
"BICIVE","Carril Bici"
"BICRDE","Carril Bici"
"BICVER","Carril Bici Verde"
"BICVIAMOT","Calzada Obligatoria para Peatones, Bicicletas y Motocicletas"
"BORN01","Pg. Born - Reserva Motos"
"BORN02","Pg. Born - Reserva Motos"
"BORN03","Pg. Born - Prohibido Estacionar"
"BORN04","Pg. Born - Prohibido Estacionar"
"BORN05","Pg. Born - Prohibido Estacionar"
"BORN06","Pg. Born - Prohibido Estacionar"
"C-10","Plaques complementàries de senyals de reglamentació"
"C-10a","Plaques complementàries de senyals de reglamentació"
"C-10b","Plaques complementàries de senyals de reglamentació"
"C-11","Plaques complementàries de senyals de reglamentació"
"C-11a","Plaques complementàries de senyals de reglamentació"
"C-11b","Plaques complementàries de senyals de reglamentació"
"C-12","Plaques complementàries de senyals de reglamentació"
"C-12a","Plaques complementàries de senyals de reglamentació"
"C-12b","Plaques complementàries de senyals de reglamentació"
"C-13","Plaques complementàries de senyals de reglamentació"
"C-13a","Plaques complementàries de senyals de reglamentació"
"C-13b","Plaques complementàries de senyals de reglamentació"
"C-14a","Plaques complementàries de senyals de reglamentació"
"C-14b","Plaques complementàries de senyals de reglamentació"
"C-14c","Plaques complementàries de senyals de reglamentació"
"C-15a","Plaques complementàries de senyals de reglamentació"
"C-15b","Plaques complementàries de senyals de reglamentació"
"C-15c","Plaques complementàries de senyals de reglamentació"
"C-15d","Plaques complementàries de senyals de reglamentació"
"C-1a","Plaques complementàries de senyals de reglamentació"
"C-1b","Plaques complementàries de senyals de reglamentació"
"C-1c","Plaques complementàries de senyals de reglamentació"
"C-2a","Plaques complementàries de senyals de reglamentació"
"C-2b","Plaques complementàries de senyals de reglamentació"
"C-2c","Plaques complementàries de senyals de reglamentació"
"C-2d","Plaques complementàries de senyals de reglamentació"
"C-2d2","Plaques complementàries de senyals de reglamentació"
"C-2e","Plaques complementàries de senyals de reglamentació"
"C-2f","Plaques complementàries de senyals de reglamentació"
"C-2g","Plaques complementàries de senyals de reglamentació"
"C-2h","Plaques complementàries de senyals de reglamentació"
"C-2i","Plaques complementàries de senyals de reglamentació"
"C-2j","Plaques complementàries de senyals de reglamentació"
"C-30a","Plaques genèriques d'una linia 30x12 Hb5"
"C-30b","Plaques genèriques d'una linia 30x12 Hb4"
"C-30c","Plaques genèriques d'una linia 45x12 Hb5"
"C-30d","Plaques genèriques d'una linia 45x12 Hb4"
"C-30e","Plaques genèriques d'una linia 50x12 Hb5"
"C-30f","Plaques genèriques d'una linia 50x12 Hb4"
"C-30g","Plaques genèriques d'una linia 60x12 Hb5"
"C-30h","Plaques genèriques d'una linia 60x12 Hb4"
"C-31a","Plaques genèriques de dues línies 45x20 Hb5"
"C-31b","Plaques genèriques de dues línies 45x30 Hb4"
"C-31c","Plaques genèriques de dues línies 50x20 Hb5"
"C-31d","Plaques genèriques de dues línies 50x20 Hb4"
"C-31e","Plaques genèriques de dues línies 60x20 Hb5"
"C-31f","Plaques genèriques de dues línies 60x20 Hb4"
"C-32a","Plaques genèriques de tres línies 45x20"
"C-32b","Plaques genèriques de tres línies 50x20"
"C-32c","Plaques genèriques de tres línies 60x20"
"C-32d","Plaques genèriques de tres línies 50x25"
"C-32e","Plaques genèriques de tres línies 60x25"
"C-32f","Plaques genèriques de tres línies 60x30"
"C-33a","Plaques genèriques de quatre línies 50x25"
"C-33b","Plaques genèriques de quatre línies 60x25"
"C-33c","Plaques genèriques de quatre línies 60x30"
"C-34a","Plaques genèriques de 30 cm d'alçada 30x"
"C-34b","Plaques genèriques de 30 cm d'alçada 30x20"
"C-34c","Plaques genèriques de 30 cm d'alçada 30x25"
"C-34d","Plaques genèriques de 30 cm d'alçada 30x30"
"C-3a","Plaques complementàries de senyals de reglamentació"
"C-3b","Plaques complementàries de senyals de reglamentació"
"C-3c","Plaques complementàries de senyals de reglamentació"
"C-3d","Plaques complementàries de senyals de reglamentació"
"C-3e","Plaques complementàries de senyals de reglamentació"
"C-3f","Plaques complementàries de senyals de reglamentació"
"C-3g","Plaques complementàries de senyals de reglamentació"
"C-4a","Plaques complementàries de senyals de reglamentació"
"C-4b","Plaques complementàries de senyals de reglamentació"
"C-4c","Plaques complementàries de senyals de reglamentació"
"C-5a","Plaques complementàries de senyals de reglamentació"
"C-5b","Plaques complementàries de senyals de reglamentació"
"C-5c","Plaques complementàries de senyals de reglamentació"
"C-5d","Plaques complementàries de senyals de reglamentació"
"C-5e","Plaques complementàries de senyals de reglamentació"
"C-5f","Plaques complementàries de senyals de reglamentació"
"C-5g","Plaques complementàries de senyals de reglamentació"
"C-5h","Plaques complementàries de senyals de reglamentació"
"C-5i","Plaques complementàries de senyals de reglamentació"
"C-5j","Plaques complementàries de senyals de reglamentació"
"C-5k","Plaques complementàries de senyals de reglamentació"
"C-5l","Plaques complementàries de senyals de reglamentació"
"C-5m","Plaques complementàries de senyals de reglamentació"
"C-5n","Plaques complementàries de senyals de reglamentació"
"C-5o","Plaques complementàries de senyals de reglamentació"
"C-5p","Plaques complementàries de senyals de reglamentació"
"C-5q","Plaques complementàries de senyals de reglamentació"
"C-5r","Plaques complementàries de senyals de reglamentació"
"C-5s","Plaques complementàries de senyals de reglamentació"
"C-5t","Plaques complementàries de senyals de reglamentació"
"C-5u","Plaques complementàries de senyals de reglamentació"
"C-5v","Plaques complementàries de senyals de reglamentació"
"C-5w","Plaques complementàries de senyals de reglamentació"
"C-5w_Taxi","Plaques complementàries de senyals de reglamentació"
"C-5w_TaxiBus","Plaques complementàries de senyals de reglamentació"
"C-6a","Plaques complementàries de senyals de reglamentació"
"C-6b","Plaques complementàries de senyals de reglamentació"
"C-6c","Plaques complementàries de senyals de reglamentació"
"C-6d","Plaques complementàries de senyals de reglamentació"
"C-6e","Plaques complementàries de senyals de reglamentació"
"C-6f","Plaques complementàries de senyals de reglamentació"
"C-6g","Plaques complementàries de senyals de reglamentació"
"C-6h","Plaques complementàries de senyals de reglamentació"
"C-6i","Plaques complementàries de senyals de reglamentació"
"C-7a","Plaques complementàries de senyals de reglamentació"
"C-7b","Plaques complementàries de senyals de reglamentació"
"C-7c","Plaques complementàries de senyals de reglamentació"
"C-7d","Plaques complementàries de senyals de reglamentació"
"C-7e","Plaques complementàries de senyals de reglamentació"
"C-7f","Plaques complementàries de senyals de reglamentació"
"C-7g","Plaques complementàries de senyals de reglamentació"
"C-7h","Plaques complementàries de senyals de reglamentació"
"C-8","Plaques complementàries de senyals de reglamentació"
"C-8a","Plaques complementàries de senyals de reglamentació"
"C-8b","Plaques complementàries de senyals de reglamentació"
"C-9","Plaques complementàries de senyals de reglamentació"
"C-9a","Plaques complementàries de senyals de reglamentació"
"C-9b","Plaques complementàries de senyals de reglamentació"
"CAJ","Cajetín"
"CAJ_BCNETABLAU","Zona Azul Lunes- Domingo 9-14h i 16-20h"
"CAJ_BCNETAVERD","Zona Exclusiva de Residentes (Domingo)"
"CAJBCNETA","Zona exclusiva de Residents Zona 9 (Informativa)"
"CAJMOTOBICI","Prohibido parar-estacionar motos-bici incluido acera"
"CAJP","Cajetín Pictograma Estacionamiento"
"CAJP_R","Cajetín Pictograma Estacionamiento + Flecha Recta"
"CAJR","Cajetín Flecha Recta"
"CAM-GIRDRETA","Atenció prohibit camions gir dreta"
"CAMIESC","Precaución camino escolar"
"CAMPNOU_AC1","CAMPNOU_Accessos1"
"CAMPNOU_AC10","CAMPNOU_AC10"
"CAMPNOU_AC11","CAMPNOU_AC11"
"CAMPNOU_AC12","CAMPNOU_AC12"
"CAMPNOU_AC2","CAMPNOU_Accessos2"
"CAMPNOU_AC3","CAMPNOU_Accessos3"
"CAMPNOU_AC4","CAMPNOU_Accessos4"
"CAMPNOU_AC5","CAMPNOU_Accessos5"
"CAMPNOU_AC6","CAMPNOU_Accessos6"
"CAMPNOU_AC7","CAMPNOU_Accessos7"
"CAMPNOU_AC8","CAMPNOU_AC8"
"CAMPNOU_AC9","CAMPNOU_AC9"
"CAMPNOU_PABON","CAMPNOU_Parking FCB Abonats"
"CID_LD0-24","Carga y Descarga LD 0-24h"
"CID_LS0-24","Carga y Descarga LS 0-24h"
"CID_OLD","Carga y Descarga Genérica"
"CID30min","Excepte càrrega | i descàrrega | Temps màxim 30 min"
"CIUAMI","Barcelona Ciutat Amiga Infància"
"CIUAMI2","Barcelona Ciutat Amiga Infància2"
"CroquisSelvaMar",""
"DirBici1",""
"DirBici2",""
"DirBici2.2",""
"DirBici3",""
"DirBici4",""
"Escales","Escales"
"Espejo","Mirall parabòlic"
"EXCAutoritzat1","Excepte autoritzats_Marina"
"EXCAutoritzat10","Excepte autoritzats_Sardenya"
"EXCAutoritzat11","Excepte autoritzats_SardenyaGirEsquerra"
"EXCAutoritzat12","Excepte autoritzats_RossellóGirDreta"
"EXCAutoritzat2","Excepte autoritzats_MarinaGirDreta"
"EXCAutoritzat4","Excepte autoritzats_Mallorca"
"EXCAutoritzat5","Excepte autoritzats_MallorcaGirEsquerra"
"EXCAutoritzat6","Excepte autoritzats_LepantGirDreta"
"EXCAutoritzat7","Excepte autoritzats_Provença"
"EXCAutoritzat8","Excepte autoritzats_ProvençaGirEsquerra"
"EXCAutoritzat9","Excepte autoritzats_LepantGirDreta"
"EXCAutorizat3","Excepte autoritzats_ValènciaGirEsquerra"
"ExcBicisVP","Excepte bicicletes Via Preferent"
"ExcMotos","Excepte motos"
"ExcTram","Excepte Tramvia"
"FIBICI","Fi carril bici"
"GASPR","Gasolinera y Parquing"
"GAST_Entrada","Gasolinera y Túnel de Lavado Entrada"
"GASTCD","Gasolinera y Túnel de Lavado Curva Derecha"
"GASTCI","Gasolinera y Túnel de Lavado Curva Izquierda"
"GASTD_800m","Gasolinera y Túnel de Lavado Derecha 800m"
"GASTD_950m","Gasolinera y Túnel de Lavado Derecha 800m"
"GASTE","Gasolinera y Túnel de Lavado Izquierda"
"GASTR","Gasolinera y Túnel de Lavado Recto"
"GIRBUSc","Girada Tancada Autobusos"
"GRMOTO","Cajetín Grúa Motos"
"GRUA","Cajetín Grúa"
"ITV_Croquis","ITV Croquis"
"LVPART","Zones de càrrega i descàrrega"
"M111","Calzada de 2 sentidos (2 carriles + Carril Bus)"
"M40","Principio Zona Estacionamiento Regulado"
"M41","Fin Zona Estacionamiento Regulado"
"M91","Circulación Prohibida"
"M91_BT","Circulación Prohibida a Bicicletas y Tractores"
"M91_CM","Circulación Prohibida a Coches y Motos"
"M91_PB","Circulación Prohibida a Peatones y Bicicletas"
"M91_PM","Circulación Prohibida a Peatones y Motos"
"M91_TB","Circulación Prohibida a Bicicletas y Tractores"
"M91_TP","Circulación Prohibida a Tractores y Peatones"
"M92_PBLL","Circulación Prohibida a Peatones, Bicicletas y Mercancías Peligrosas"
"M92_PMLL","Circulación Prohibida a Peatones, Motos y Mercancías Peligrosas"
"MESpar","Mesos parells"
"MESsen","Mesos senars"
"MINDE","Minusválido Derecha"
"MINDI","Minusválido Derecha + Izquierda"
"MINUS","Minusválido"
"MULTI","Zona de Peatones"
"P-1","Intersección con prioridad"
"P-10a","Proximidad paso a nivel o puente movil (lado izquierdo)"
"P-10b","Aproximación a un paso a nivel o puente movil (lado izquierdo)"
"P-10c","Cercanía de un paso a nivel o puente móvil (lado izquierdo)"
"P-11","Situación de un paso a nivel sin barreras"
"P-11a","Situación de un paso a nivel sin barreras de mas de una vía férrea"
"P-12","Aeropuerto"
"P-13a","Curva peligrosa hacia la derecha"
"P-13b","Curva peligrosa hacia la izquierda"
"P-14a","Curvas peligrosas hacia la derecha"
"P-14b","Curvas peligrosas hacia la izquierda"
"P-15","Perfil irregular"
"P-15a","Resalto"
"P-15b","Badén"
"P-16a_10","Bajada con fuerte pendiente"
"P-16a_11","Bajada con fuerte pendiente"
"P-16a_12","Bajada con fuerte pendiente"
"P-16a_13","Bajada con fuerte pendiente"
"P-16a_14","Bajada con fuerte pendiente"
"P-16a_15","Bajada con fuerte pendiente"
"P-16a_16","Bajada con fuerte pendiente"
"P-16a_17","Bajada con fuerte pendiente"
"P-16a_18","Bajada con fuerte pendiente"
"P-16a_19","Bajada con fuerte pendiente"
"P-16a_20","Bajada con fuerte pendiente"
"P-16a_5","Bajada con fuerte pendiente"
"P-16a_6","Bajada con fuerte pendiente"
"P-16a_7","Bajada con fuerte pendiente"
"P-16a_8","Bajada con fuerte pendiente"
"P-16a_9","Bajada con fuerte pendiente"
"P-16b_10","Subida con fuerte pendiente"
"P-16b_11","Subida con fuerte pendiente"
"P-16b_12","Subida con fuerte pendiente"
"P-16b_13","Subida con fuerte pendiente"
"P-16b_14","Subida con fuerte pendiente"
"P-16b_15","Subida con fuerte pendiente"
"P-16b_16","Subida con fuerte pendiente"
"P-16b_17","Subida con fuerte pendiente"
"P-16b_18","Subida con fuerte pendiente"
"P-16b_19","Subida con fuerte pendiente"
"P-16b_20","Subida con fuerte pendiente"
"P-16b_5","Subida con fuerte pendiente"
"P-16b_6","Subida con fuerte pendiente"
"P-16b_7","Subida con fuerte pendiente"
"P-16b_8","Subida con fuerte pendiente"
"P-16b_9","Subida con fuerte pendiente"
"P-17","Estrechamiento de la calzada"
"P-17a","Estrechamiento de la calzada por la derecha"
"P-17b","Estrechamiento de la calzada por la izquierda"
"P-18","Obras"
"P-19","Pavimento deslizante"
"P-1a","Intersección con prioridad"
"P-1b","Intersección con prioridad sobre vía a la izquierda"
"P-1c","Intersección con prioridad sobre incorporación a la derecha"
"P-1d","Intersección con prioridad sobre incorporación a la izquierda"
"P-2","Intersección con prioridad a la derecha"
"P-20","Peatones"
"P-20a","Peatones"
"P-21","Niños"
"P-21LUZ","Peligro niños"
"P-21LUZ2","Peligro niños"
"P-22","Bicicletas"
"P-23","Paso de animales domésticos"
"P-24","Paso de animales en libertad"
"P-25","Circulación en los dos sentidos"
"P-26","Desprendimiento"
"P-27","Muelle"
"P-28","Proyección de gravilla"
"P-29","Viento transversal"
"P-3","Semáforos"
"P-30","Escalón lateral"
"P-31","Congestión"
"P-32","Obstrucción en la Calzada"
"P-33","Visibilidad reducida"
"P-34","Pavimento deslizante por hielo o nieve"
"P-4","Intersección con circulación giratoria"
"P-5","Puente Movil"
"P-50","Otros peligros"
"P-50o","Otros Peligros"
"P-6","Cruce de Tranvía"
"P-7","Paso a nivel con barrera"
"P-8","Paso a nivel sin barrera"
"P-9a","Proximidad paso a nivel o puente movil (lado derecho)"
"P-9b","Aproximación a un paso a nivel o puente movil (lado derecho)"
"P-9c","Cercanía de un paso a nivel o puente móvil (lado derecho)"
"PACIFDIAG","Pacificació Diagonal Diumenges 9-15h"
"PACIFDIAG2","Pacificació Diagonal-Via Augusta Diumenges 9-15h"
"PACIFDIAG3","Pacificació lateral Diagonal Diumenges 9-15h"
"PACIFDIAG4","Pacificació Diagonal-Pau Claris Diumenges 9-15h"
"PACIFDIAG5","Pacificació Diagonal-Sicília Diumenges 9-15h"
"PACIFDIAG6","Pacificació Diagonal-València Diumenges 9-15h"
"PANEL","Panel Direccional Largo Derecha-Izquierda"
"PAP","Prohibició aparcament plaça"
"PARCCOLL","Parc Collserola"
"PROH_TAX_JPeiro","Prohibido parada taxi a pl. Joan Peiró"
"PROHGOS","Prohibit gossos"
"PROHMUS","Prohibició tocar música"
"PROHPILOTA","Prohibido jugar a pelota"
"PuntVerd","PuntVerd genèric"
"R-1","Ceda el paso"
"R-100","Circulación prohibida"
"R-100","Circulación prohibida Bus"
"R-101","Entrada prohibida"
"R-102","Entrada prohibida a vehículos de motor"
"R-103","Entrada prohibida a vehiculos de motor, excepto motocicletas de dos ruedas sin sidecar"
"R-104","Entrada prohibida a motocicletas"
"R-105","Entrada prohibida a ciclomotores"
"R-106","Entrada prohibida a vehículos destinados al transporte de mercancías."
"R-107_1.5","Entrada prohibida a vehículos destinados al transporte de mercancías con mayor masa autorizada que la indicada."
"R-107_10","Entrada prohibida a vehículos destinados al transporte de mercancías con mayor masa autorizada que la indicada."
"R-107_10.5","Entrada prohibida a vehículos destinados al transporte de mercancías con mayor masa autorizada que la indicada."
"R-107_11","Entrada prohibida a vehículos destinados al transporte de mercancias"
"R-107_11.5","Entrada prohibida a vehículos destinados al transporte de mercancias"
"R-107_12","Entrada prohibida a vehículos destinados al transporte de mercancías con mayor masa autorizada que la indicada."
"R-107_16","Entrada prohibida a vehículos destinados al transporte de mercancías con mayor masa autorizada que la indicada."
"R-107_16.5","Entrada prohibida a vehículos destinados al transporte de mercancías con mayor masa autorizada que la indicada."
"R-107_2","Entrada prohibida a vehículos destinados al transporte de mercancías con mayor masa autorizada que la indicada."
"R-107_2.5","Entrada prohibida a vehículos destinados al transporte de mercancias"
"R-107_2.8","Entrada prohibida a vehículos destinados al transporte de mercancías con mayor masa autorizada que la indicada."
"R-107_20","Entrada prohibida a vehículos destinados al transporte de mercancías con mayor masa autorizada que la indicada."
"R-107_20.5","Entrada prohibida a vehículos destinados al transporte de mercancías con mayor masa autorizada que la indicada."
"R-107_3","Entrada prohibida a vehículos destinados al transporte de mercancías con mayor masa autorizada que la indicada."
"R-107_3.5","Entrada prohibida a vehículos destinados al transporte de mercancías con mayor masa autorizada que la indicada."
"R-107_30","Entrada prohibida a vehículos destinados al transporte de mercancías con mayor masa autorizada que la indicada."
"R-107_4","Entrada prohibida a vehículos destinados al transporte de mercancias"
"R-107_4.5","Entrada prohibida a vehículos destinados al transporte de mercancias"
"R-107_5","Entrada prohibida a vehículos destinados al transporte de mercancías con mayor masa autorizada que la indicada."
"R-107_5.5","Entrada prohibida a vehículos destinados al transporte de mercancías con mayor masa autorizada que la indicada."
"R-107_6","Entrada prohibida a vehículos destinados al transporte de mercancías con mayor masa autorizada que la indicada."
"R-107_6.5","Entrada prohibida a vehículos destinados al transporte de mercancías con mayor masa autorizada que la indicada."
"R-107_7","Entrada prohibida a vehículos destinados al transporte de mercancías con mayor masa autorizada que la indicada."
"R-107_7.5","Entrada prohibida a vehículos destinados al transporte de mercancías con mayor masa autorizada que la indicada."
"R-107_8","Entrada prohibida a vehículos destinados al transporte de mercancias"
"R-107_8.5","Entrada prohibida a vehículos destinados al transporte de mercancias"
"R-107_9","Entrada prohibida a vehículos destinados al transporte de mercancias"
"R-107_9.5","Entrada prohibida a vehículos destinados al transporte de mercancias"
"R-108","Entrada prohibida a vehículos que transporten mercancías peligrosas"
"R-109","Entrada prohibida a vehículos que transporten mercancías explosivas o inflamables"
"R-110","Entrada prohibida a vehículos que transporten productos contaminantes del agua"
"R-111","Entrada prohibida a vehículos agrícolas de motor"
"R-112","Entrada prohibida a vehículos de motor conremolque, que no sea un semirremolque o un remolque de un solo eje"
"R-113","Entrada prohibida a vehículos de tracción animal"
"R-114","Entrada prohibida a ciclos"
"R-115","Entrada prohibida a carros de mano"
"R-116","Entrada prohibida a peatones"
"R-117","Entrada prohibida a animales de montura"
"R-2","Detención obligatoria"
"R-200","Prohibición de pasar sin detenerse"
"R-200CC","Prohibición de pasar sin detenerse"
"R-200CI","Prohibición de pasar sin detenerse"
"R-201_1.3","Limitación de masa"
"R-201_1.5","Limitación de masa"
"R-201_10","Limitación de masa"
"R-201_11","Limitación de masa"
"R-201_12","Limitación de masa"
"R-201_15","Limitación de masa"
"R-201_16","Limitación de masa"
"R-201_18","Limitación de masa"
"R-201_2.0","Limitación de masa"
"R-201_2.5","Limitación de masa"
"R-201_20","Limitación de masa"
"R-201_3.0","Limitación de masa"
"R-201_3.5","Limitación de masa"
"R-201_4","Limitación de masa"
"R-201_4.5","Limitación de masa"
"R-201_5","Limitación de masa"
"R-201_5.5","Limitación de masa"
"R-201_6","Limitación de masa"
"R-201_6.5","Limitación de masa"
"R-201_7","Limitación de masa"
"R-201_7.5","Limitación de masa"
"R-201_8","Limitación de masa"
"R-201_8.5","Limitación de masa"
"R-201_9","Limitación de masa"
"R-201_9.5","Limitación de masa"
"R-202","Limitación de masa"
"R-202_12","Limitación de masa"
"R-202_2","Limitación de peso por eje"
"R-202_5","Limitación de peso por eje"
"R-202_7","Limitación de peso por eje"
"R-202c","Limitación de peso por eje"
"R-202e","Limitación de peso por eje"
"R-202e3","Limitación de peso por eje"
"R-203_10","Limitación de longitud"
"R-203_12","Limitación de longitud"
"R-203_5","Limitación de longitud"
"R-203_6","Limitación de longitud"
"R-203_7","Limitación de longitud"
"R-203_8","Limitación de longitud"
"R-203_8.5","Limitación de longitud"
"R-204_1.8","Limitación de anchura"
"R-204_2.0","Limitación de anchura"
"R-204_2.1","Limitación de Anchura"
"R-204_2.2","Limitación de anchura"
"R-204_2.3","Limitación de anchura"
"R-204_2.4","Limitación de anchura"
"R-204_2.5","Limitación de anchura"
"R-204_2.6","Limitación de anchura"
"R-204_2.7","Limitación de anchura"
"R-204_2.8","Limitación de anchura"
"R-204_2.9","Limitación de anchura"
"R-204_3","Limitación de anchura"
"R-204_3.1","Limitación de anchura"
"R-204_3.2","Limitación de anchura"
"R-204_3.3","Limitación de anchura"
"R-204_3.4","Limitación de anchura"
"R-204_3.5","Limitación de anchura"
"R-204_3.6","Limitación de anchura"
"R-204_3.7","Limitación de anchura"
"R-204_3.8","Limitación de anchura"
"R-204_3.9","Limitación de anchura"
"R-204_4","Limitación de anchura"
"R-204_4.1","Limitación de anchura"
"R-204_4.2","Limitación de anchura"
"R-204_4.3","Limitación de anchura"
"R-204_4.4","Limitación de anchura"
"R-204_4.5","Limitación de anchura"
"R-205_1.9","Limitación de altura"
"R-205_2","Limitación de altura"
"R-205_2.1","Limitación de altura"
"R-205_2.2","Limitación de altura"
"R-205_2.3","Limitación de altura"
"R-205_2.4","Limitación de altura"
"R-205_2.5","Limitación de altura"
"R-205_2.6","Limitación de altura"
"R-205_2.7","Limitación de altura"
"R-205_2.8","Limitación de altura"
"R-205_2.9","Limitación de altura"
"R-205_3","Limitación de altura"
"R-205_3.1","Limitación de altura"
"R-205_3.2","Limitación de altura"
"R-205_3.3","Limitación de altura"
"R-205_3.4","Limitación de altura"
"R-205_3.5","Limitación de altura"
"R-205_3.6","Limitación de altura"
"R-205_3.7","Limitación de altura"
"R-205_3.8","Limitación de altura"
"R-205_3.9","Limitación de altura"
"R-205_4","Limitación de altura"
"R-205_4.1","Limitación de altura"
"R-205_4.2","Limitación de altura"
"R-205_4.3","Limitación de altura"
"R-205_4.4","Limitación de altura"
"R-205_4.5","Limitación de altura"
"R-205_4.6","Limitación de altura"
"R-205_4.7","Limitación de altura"
"R-205_4.8","Limitación de altura"
"R-205_4.9","Limitación de altura"
"R-205_5","Limitación de altura"
"R-205_5.1","Limitación de altura"
"R-205_5.2","Limitación de altura"
"R-205_5.3","Limitación de altura"
"R-205_5.4","Limitación de altura"
"R-205_5.5","Limitación de altura"
"R-205_5.6","Limitación de altura"
"R-205_5.7","Limitación de altura"
"R-205_5.8","Limitación de altura"
"R-205_5.9","Limitación de altura"
"R-205_6","Limitación de altura"
"R-2o","Detención obligatoria antigua"
"R-3","Calzada con prioridad"
"R-300","Separación minima"
"R-301_10","Velocidad máxima"
"R-301_100","Velocidad Máxima"
"R-301_110","Velocidad Máxima"
"R-301_120","Velocidad máxima"
"R-301_15","Velocidad máxima"
"R-301_20","Velocidad máxima"
"R-301_30","Velocidad máxima"
"R-301_40","Velocidad máxima"
"R-301_50","Velocidad máxima"
"R-301_60","Velocidad máxima"
"R-301_70","Velocidad máxima"
"R-301_80","Velocidad máxima"
"R-301_90","Velocidad máxima"
"R-302","Giro a la derecha prohibido"
"R-303","Giro a la izquierda prohibido"
"R-304","Media vuelta prohibida"
"R-305","Adelantamiento prohibido"
"R-306","Adelantamiento prohibido para camiones"
"R-307","Parada y estacionamiento prohibidos"
"R-307_0-24h","Parada y estacionamiento prohibidos"
"R-307D","Parada y estacionamiento prohibidos"
"R-307D_0-24h","Parada y estacionamiento prohibidos"
"R-307Da","Parada y estacionamiento prohibido"
"R-307I","Parada y estacionamiento prohibidos"
"R-307I_0-24h","Parada y estacionamiento prohibidos 24h"
"R-307Ia","Parada y estacionamiento prohibido"
"R-307L","Parada y estacionamiento prohibidos"
"R-307L_0-24h","Parada y estacionamiento prohibidos 24h"
"R-307La","Parada y estacionamiento prohibidos"
"R-307P","Parada y estacionamiento prohibidos"
"R-307P_Motos","Parada y estacionamiento prohibidos"
"R-307PD","Parada y estacionamiento prohibidos"
"R-307PD_Motos","Parada y estacionamiento prohibidos"
"R-307PI","Parada y estacionamiento prohibidos"
"R-307PL","Parada y estacionamiento prohibidos"
"R-307PL_Motos","Parada y estacionamiento prohibidos"
"R-308","Estacionamiento prohibido"
"R-308_0-24h","Estacionamiento prohibido"
"R-308_Minus","Estacionamiento prohibido"
"R-308_Motos","Estacionamiento prohibido"
"R-308a","Estacionamiento prohibido los días impares"
"R-308b","Estacionamiento prohibido los días pares"
"R-308c","Estacionamiento prohibido la primera quincena"
"R-308CAMPNOU1_A","Prohibit aparcar excepte minus (FCB)"
"R-308CAMPNOU2_A","Prohibit aparcar excepte minus ambdós costats (FCB)"
"R-308CAMPNOU3_C","Prohibit aparcar excepte autocars ambdós costats (FCB)"
"R-308CAMPNOU4_B","Prohibit aparcar ambdós costats (FCB)"
"R-308CAMPNOU5_B","Prohibit aparcar (FCB)"
"R-308cD","Estacionamiento prohibido la primera quincena"
"R-308cI","Estacionamiento prohibido la primera quincena"
"R-308cL","Estacionamiento prohibido la primera quincena"
"R-308d","Estacionamiento prohibido la segunda quincena"
"R-308D_0-24h","Estacionamiento prohibido"
"R-308D_Minus","Estacionamiento prohibido"
"R-308D2","Estacionamiento prohibido"
"R-308dD","Estacionamiento prohibido la segunda quincena"
"R-308dI","Estacionamiento prohibido"
"R-308I","Estacionamiento prohibido"
"R-308I_0-24h","Estacionamiento prohibido"
"R-308I_Minus","Estacionamiento prohibido"
"R-308L","Estacionamiento prohibido"
"R-308L_Minus","Estacionamiento prohibido"
"R-308P","Estacionamiento prohibido"
"R-308P_0-24h","Estacionamiento prohibido"
"R-308P_1-15","Estacionamiento prohibido"
"R-308P_16-31","Estacionamiento prohibido"
"R-308P_Motos","Estacionamiento prohibido"
"R-308PD","Estacionamiento prohibido"
"R-308PD_0-24h","Estacionamiento prohibido"
"R-308PD_Motos","Estacionamiento prohibido"
"R-308PI","Estacionamiento prohibido"
"R-308PI_0-24h","Estacionamiento prohibido"
"R-308PI_Motos","Estacionamiento prohibido"
"R-308PL","Estacionamiento prohibido"
"R-309","Zona de estacionamiento limitado"
"R-310","Estacionamiento prohibido"
"R-4","Fin de Prioridad"
"R-400a","Sentido Obligatorio"
"R-400b","Sentido Obligatorio"
"R-400c","Sentido Obligatorio"
"R-400d","Sentido Obligatorio"
"R-400e","Sentido Obligatorio"
"R-401a","Paso Obligatorio"
"R-401b","Paso Obligatorio"
"R-402","Intersección de sentido giratorio obligatorio"
"R-403a","Sentido obligatorio frente derecha"
"R-403b","Sentido obligatorio frente izquierda"
"R-403c","Sentido Obligatorio"
"R-404","Calzada para automóviles, excepto motocicletas de dos ruedas sin sidecar"
"R-405","Calzada pra motocicletas de dos ruedas sin sidecar"
"R-406","Calzada para camiones y furgones"
"R-407","Via Reservada"
"R-407_FIN","Fin de via reservada"
"R-408","Camino reservado para vehículos de tracción animal"
"R-409","Camino reservado para animales de montura"
"R-410","Obligatorio Peatones"
"R-411_100","Velocidad mínima"
"R-411_20","Velocidad mínima"
"R-411_30","Velocidad mínima"
"R-411_40","Velocidad mínima"
"R-411_50","Velocidad mínima"
"R-411_60","Velocidad mínima"
"R-411_70","Velocidad mínima"
"R-411_80","Velocidad mínima"
"R-411_90","Velocidad mínima"
"R-412","Cadenas para nieve"
"R-413","Alumbrado de corto alcance"
"R-414","Calzada para vehículos que transporten mercancías peligrosas"
"R-415","Calzada para vehículos que transporten productos contaminantes del agua"
"R-416","Calzada para vehículos que transporten mercancias explosivas o inflamables"
"R-417","Uso obligatorio del cinturón de seguridad"
"R-5","Prioridad en sentido contrario"
"R-500","Fin de prohibiciones"
"R-501_100","Fin de la limitación de velocidad"
"R-501_20","Fin de la limitación de velocidad"
"R-501_30","Fin de la limitación de velocidad"
"R-501_40","R-501_40"
"R-501_50","R-501_50"
"R-501_60","Fin de la limitación de velocidad"
"R-501_70","Fin de la limitación de velocidad"
"R-501_80","Fin de la limitación de velocidad"
"R-501_90","Fin de la limitación de velocidad"
"R-502","Fin de la prohibición de adelantamiento"
"R-503","Fin de prohibición de adelantamiento para camiones"
"R-504","Fin de zona de estacionamiento limitado"
"R-505","Fin de la prohibición de advertencias acústicas"
"R-506_20","Fin de velocidad mínima"
"R-506_30","Fin de velocidad mínima"
"R-506_40","Fin de velocidad mínima"
"R-506_50","Fin de velocidad mínima"
"R-506_60","Fin de velocidad mínima"
"R-506_70","Fin de velocidad mínima"
"R-6","Prioridad respecto al sentido contrario"
"S-1","Autopista"
"S-10","Servicio de inspección técnica de vehículos"
"S-100","Puesto de socorro"
"S-101","Base de ambulancia"
"S-102","Servicio de inspección técnica de vehículos"
"S-102D","ITV Derecha"
"S-102I","ITV Izquierda"
"S-102R","ITV Recto"
"S-102RD","ITV Arriba Derecha"
"S-103","Taller de reparación"
"S-104a","Teléfono"
"S-104b","Teléfono de Socorro"
"S-105","Surtidor de carburante"
"S-105_1500","Surtidor de carburante"
"S-105_500","Surtidor de carburante"
"S-105a","Surtidor de carburante con plomo y sin plomo"
"S-105a_100","Surtidor de carburante con plomo y sin plomo"
"S-105a_500","Surtidor de carburante con plomo y sin plomo"
"S-105aD","Surtidor de carburante"
"S-105aI","Otros servicios"
"S-105aR","Otros servicios"
"S-105vi","Túnel de Lavado 180º Izquierda"
"S-106","Taller de reparación y surtidor de carburante"
"S-106_50","Taller de reparación y surtidor de carburante"
"S-107","Campamento"
"S-108","Agua"
"S-109","Lugar pintoresco"
"S-11","Calzada de sentido único"
"S-110","Hotel o motel"
"S-111","Restaurante"
"S-112","Cafetería"
"S-113","Terreno para remolques-vivienda"
"S-114","Merendero"
"S-115","Punto de partida para excursiones a pie"
"S-116","Campamento y terreno para remolques-vivienda"
"S-117","Albergue juvenil"
"S-118","Información turística"
"S-118_100","Información turística"
"S-118_1000","Información turística"
"S-118_200","Información turística"
"S-119","Coto de Pesca"
"S-11a","Calzada de sentido único"
"S-11b","Calzada de sentido único"
"S-12","Tramo de calzada de sentido único"
"S-120","Parque Nacional"
"S-121","Monumento nacional"
"S-122","Otros servicios"
"S-122_Microf","Otros servicios (Gasolinera)"
"S-122_Minus","MINUS"
"S-122_Túnel","Otros servicios (Túnel de Lavado)"
"S-123","Area de descanso"
"S-124","Estacionamiento para usuarios del ferrocarril"
"S-125","Estacionamiento para usuarios del ferrocarril subterraneo"
"S-126","Estacionamiento para usuarios de autobus"
"S-12D","Tramo de calzada de sentido único"
"S-12I","Tramo de calzada de sentido único"
"S-13","Situación de un paso de peatones"
"S-13_AMA","Atenció Pas de Vianants"
"S-14a","Paso superior para peatones"
"S-14b","Paso inferior para peatones"
"S-15a","Preseñalización de calzada sin salida"
"S-15b","Preseñalización de calzada sin salida"
"S-15bI","Preseñalización de calzada sin salida"
"S-15c","Preseñalización de calzada sin salida"
"S-15d","Preseñalización de calzada sin salida"
"S-16","Zona de frenado de emergencia"
"S-17","Estacionamiento"
"S-17_10min","Estacionamiento 10 minutos"
"S-17_20min","Estacionamiento 20 minutos"
"S-17_2h","Estacionamiento 2h"
"S-17_30min","Estacionamiento 2h"
"S-17_Fila","Estacionamiento (Fila)"
"S-17_Glories","Estacionamiento (Glòries)"
"S-17_MINUS","Estacionamiento (Minusválidos)"
"S-17_motos","Estacionamiento (Motos)"
"S-1704","Itinerario de aproximación a aparcamiento"
"S-1707","Itinerario de aproximación a aparcamiento de minusválidos"
"S-1708","Itinerario de aproximación a aparcamiento de autobuses"
"S-17D","Estacionamiento"
"S-17D_MINUS","Estacionamiento (Minusválidos)"
"S-17D_motos","Estacionamiento (motos)"
"S-17I","Estacionamiento"
"S-17I_Fila","Estacionamiento (Fila)"
"S-17I_MINUS","Estacionamiento"
"S-17I_Motos","Estacionamiento (Motos)"
"S-17L","Estacionamiento"
"S-18","Taxi"
"S-18D","Taxi"
"S-18I","Taxi"
"S-18L","Taxi"
"S-18o","Taxi"
"S-18oD","Taxi"
"S-19","Parada de autobuses"
"S-1a","Autovía"
"S-1b","Vía Rápida"
"S-2","Fin de autopista"
"S-20","Parada de Tranvías"
"S-21","Transitabilidad en tramo o puerto de montaña"
"S-21_1a","Transitabilidad en tramo o puerto de montaña"
"S-21_1b","Transitabilidad en tramo o puerto de montaña"
"S-21_2b","Transitabilidad en tramo o puerto de montaña"
"S-21_2c","Transitabilidad en tramo o puerto de montaña"
"S-21_3b","Transitabilidad en tramo o puerto de montaña"
"S-22","Cambio de sentido"
"S-22_050","Cambio de sentido"
"S-22_100","Cambio de sentido"
"S-22_1000","Cambio de sentido"
"S-22_250","Cambio de sentido"
"S-22_500","Cambio de sentido"
"S-23","Hospital"
"S-23A","Hospital"
"S-23B","Hospital"
"S-23o","Hospital"
"S-23o2","Hospital"
"S-24","Fin de obligación de alumbrado de corto alcance"
"S-25","Cambio de sentido a distinto nivel"
"S-26a","Panel de aproximación salida (100 m)"
"S-26ai","Panel de aproximación salida (100 m)"
"S-26b","Panel de aproximación salida (200 m)"
"S-26bi","Panel de aproximación salida (200 m)"
"S-26c","Panel de aproximación salida (300 m)"
"S-26ci","Panel de aproximación salida (300 m)"
"S-27","Auxilio en carretera"
"S-27D","Auxilio en carretera"
"S-28","Zona Residencial"
"S-29","Fin Zona Residencial"
"S-2a","Fin de autovía"
"S-2b","Fin vía rápida"
"S-3","Vía para automóviles"
"S-35","Via para ciclos"
"S-35_Blanca","Via para ciclos"
"S-35_Fin","Fin de via para ciclos"
"S-4","Fin de vía para automóviles"
"S-5","Túnel"
"S-50a","Carriles obligatorios para tráfico lento y reservados para tráfico rápido"
"S-50a_50","Carriles obligatorios para tráfico lento y reservados para tráfico rápido"
"S-50a_60","Carriles obligatorios para tráfico lento y reservados para tráfico rápido"
"S-50a_70","Carriles obligatorios para tráfico lento y reservados para tráfico rápido"
"S-50b","Carriles obligatorios para tráfico lento y reservados para tráfico rápido"
"S-50b_50","Carriles obligatorios para tráfico lento y reservados para tráfico rápido"
"S-50b_60","Carriles obligatorios para tráfico lento y reservados para tráfico rápido"
"S-50b_70","Carriles obligatorios para tráfico lento y reservados para tráfico rápido"
"S-50c","Carriles obligatorios para tráfico lento y reservados para tráfico rápido"
"S-50c_50","Carriles obligatorios para tráfico lento y reservados para tráfico rápido"
"S-50c_60","Carriles obligatorios para tráfico lento y reservados para tráfico rápido"
"S-50c_70","Carriles obligatorios para tráfico lento y reservados para tráfico rápido"
"S-50d","Carriles obligatorios para tráfico lento y reservados para tráfico rápido"
"S-50d_50","Carriles obligatorios para tráfico lentro y reservados para tráfico rápido"
"S-50d_60","Carriles obligatorios para tráfico lentro y reservados para tráfico rápido"
"S-50d_70","Carriles obligatorios para tráfico lentro y reservados para tráfico rápido"
"S-50e","Carriles obligatorios para tráfico lento y reservados para tráfico rápido"
"S-50e_50","Carriles obligatorios para tráfico lentro y reservados para tráfico rápido"
"S-50e_60","Carriles obligatorios para tráfico lentro y reservados para tráfico rápido"
"S-50e_70","Carriles obligatorios para tráfico lentro y reservados para tráfico rápido"
"S-51","Carril reservado para autobuses"
"S-52","Final de carril destinado a la circulación"
"S-52a","Final de carril destinado a la circulación"
"S-52b","Final de carril destinado a la circulación"
"S-52c1","Final de carril destinado a la circulación"
"S-52c2","Final de carril destinado a la circulación"
"S-52c3","Final de carril destinado a la circulación"
"S-52c4","Final de carril destinado a la circulación"
"S-52d1","Final de carril destinado a la circulación"
"S-52d2","Final de carril destinado a la circulación"
"S-52d3","Final de carril destinado a la circulación"
"S-52d4","Final de carril destinado a la circulación"
"S-53","Paso de uno a dos carriles de circulación"
"S-53a","Paso de uno a dos carriles de circulación con limitación maxima en cada carril"
"S-53b","Paso de dos a tres carriles de circulación"
"S-53c","Paso de dos a tres carriles de circulación con limitación maxima en cada carril"
"S-6","Fin de Tunel"
"S-60a","Bifurcación hacia la izquierda en calzada de dos carriles"
"S-60a11","Bifurcación hacia la izquierda en calzada de dos carriles"
"S-60a12","Bifurcación hacia la izquierda en calzada de tres carriles"
"S-60a21","Bifurcación hacia la izquierda en calzada de tres carriles"
"S-60a22","Bifurcación hacia la izquierda en calzada de cuatro carriles"
"S-60a31","Bifurcación hacia la izquierda en calzada de cuatro carriles"
"S-60a32","Bifurcación hacia la izquierda en calzada de cinco carriles"
"S-60a41","Bifurcación hacia la izquierda en calzada de cinco carriles"
"S-60b","Bifurcación hacia la derecha en calzada de dos carriles"
"S-60b11","Bifurcación hacia la derecha en calzada de dos carriles"
"S-60b12","Bifurcación hacia la derecha en calzada de tres carriles"
"S-60b21","Bifurcación hacia la derecha en calzada de tres carriles"
"S-60b22","Bifurcación hacia la derecha en calzada de cuatro carriles"
"S-60b31","Bifurcación hacia la derecha en calzada de cuatro carriles"
"S-60b32","Bifurcación hacia la derecha en calzada de cinco carriles"
"S-60b41","Bifurcación hacia la derecha en calzada de cinco carriles"
"S-61a","Bifurcación hacia la izquierda en calzada de tres carriles"
"S-61b","Bifurcación hacia la derecha en calzada de tres carriles"
"S-62","Bifurcación hacia la izquierda en calzada de tres carriles"
"S-62b","Bifurcación hacia la derecha en calzada de cuatro carriles"
"S-63","Bifurcación en calzada de cuatro carriles"
"S-7_100","Velocidad máxima aconsejada"
"S-7_30","Velocidad máxima aconsejada"
"S-7_40","Velocidad máxima aconsejada"
"S-7_50","Velocidad máxima aconsejada"
"S-7_60","Velocidad máxima aconsejada"
"S-7_70","Velocidad máxima aconsejada"
"S-7_80","Velocidad máxima aconsejada"
"S-7_90","Velocidad máxima aconsejada"
"S-8","Fin de velocidad máxima aconsejada"
"S-8_100","Fin de velocidad máxima aconsejada"
"S-8_30","Fin de velocidad máxima aconsejada"
"S-8_40","Fin de velocidad máxima aconsejada"
"S-8_50","Fin de velocidad máxima aconsejada"
"S-8_60","Fin de velocidad máxima aconsejada"
"S-8_70","Fin de velocidad máxima aconsejada"
"S-8_80","Fin de velocidad máxima aconsejada"
"S-8_90","Fin de velocidad máxima aconsejada"
"S-800_1000","Distancia al comienzo del peligro o prescripción"
"S-800_1500","Distancia al comienzo del peligro o prescripción"
"S-800_1km","Distancia al comienzo del peligro o prescripción"
"S-800_2000","Distancia al comienzo del peligro o prescripción"
"S-800_500","Distancia al comienzo del peligro o prescripción"
"S-800b_5km","Distancia al comienzo del peligro o prescripción"
"S-800b_7km","Distancia al comienzo del peligro o prescripción"
"S-810","Longitud del tramo peligroso o sujeto a prescripción"
"S-820","Extensión de la prohibición a un lado"
"S-821","Extensión de la prohibición a un lado"
"S-830","Extensión de la prohibición, a ambos lados"
"S-840_100","Preseñalización de detención obligatoria"
"S-840_300","Preseñalización de detención obligatoria"
"S-840_400","Preseñalización de detención obligatoria"
"S-840_500","Preseñalización de detención obligatoria"
"S-840_600","Preseñalización de detención obligatoria"
"S-840_700","Preseñalización de detención obligatoria"
"S-840_800","Preseñalización de detención obligatoriaS"
"S-840_900","Preseñalización de detención obligatoria"
"S-850","Itinerario con Prioridad"
"S-851","Itinerario con Prioridad"
"S-852","Itinerario con Prioridad"
"S-853","Itinerario con Prioridad"
"S-870","Aplicación de prohibición o descripción"
"S-870I","Aplicación de prohibición o descripción"
"S-9","Intervalo aconsejado de velocidades"
"SEN01","Preseñalización de calzada sin salida"
"SEN02","Preseñalización de calzada sin salida"
"SEN03","Circulación Prohibida a Peatones, Bicicletas, Motocicletas y Vehículos con Mercancías Peligrosas"
"SEN05","Calzada Obligatoria para Vehículos de más de 12m y 20t"
"SEN08","Circulación Prohibida a Peatones, Bicicletas y Furgonetas"
"SEN09","Circulación Prohibida a Vehículos de menos de 10 Km/h y más de 5,5t"
"SEN10","Circulación Prohibida a Peatones, Bicicletas y Motocicletas"
"SEN11","Circulación Prohibida a Peatones, Bicicletas, y Vehículos con Mercancías Peligrosas"
"SEN12","Circulación Prohibida a varias cosas"
"SEN13","Circulación Prohibida a varias cosas"
"SEN14","Preseñalización de desvío de carriles"
"SEN16","Preseñalización de carriles"
"SEN17","Ceda el paso a Autobuses"
"SEN19","Preseñalización de carriles"
"SEN23","No bloquear Cruce"
"SEN25","Calzada Obligatoria para Peatones y Bicicletas"
"SEN26","Peligro Indefinido (Autobuses)"
"SEN28","Círculación Prohibida L"
"SENFUT","Prohibido Jugar a la Pelota"
"SENPEA","Zona Peatonal"
"TB2C","Panel Direccional Corto Izquierda Obras"
"TB2D","Panel Direccional Corto Derecha Obras"
"TP-13a","Curva peligrosa hacia la derecha"
"TP-13b","Curva peligrosa hacia la izquierda"
"TP-14a","Curvas peligrosas hacia la derecha"
"TP-14b","Curvas peligrosas hacia la izquierda"
"TP-15","Perfil irregular"
"TP-15a","Resalto"
"TP-15b","Badén"
"TP-17","Estrechamiento de calzada"
"TP-17a","Estrechamiento de calzada por la derecha"
"TP-17b","Estrechamiento de calzada por la izquierda"
"TP-18","Obras"
"TP-19","Pavimento deslizante"
"TP-25","Circulación en dos sentidos"
"TP-26","Desprendimiento"
"TP-28","Proyección de gravilla"
"TP-3","Semarofo"
"TP-30","Escalón lateral"
"TP-50","Otros peligros"
"TR-100","Circulación prohibida"
"TR-106","Entrada prohibida a vehículos destinados al transporte de mercancías"
"TR-201_5.5","Limitación de peso"
"TR-204","Limitación de anchura"
"TR-205","Limitación de altura"
"TR-301_30","Velocidad máxima"
"TR-301_40","Velocidad máxima"
"TR-301_50","Velocidad máxima"
"TR-301_60","Velocidad máxima"
"TR-301_70","Velocidad máxima"
"TR-301_80","Velocidad máxima"
"TR-301_90","Velocidad Máxima"
"TR-302","Giro a la derecha prohibido"
"TR-303","Giro a la izquierda prohibido"
"TR-305","Adelantamiento prohibido"
"TR-306","Adelantamiento prohibido para camiones"
"TR-5","Prioridad al Sentido Contrario"
"TR-500","Fin de prohibiciones"
"TR-501_30","Fin de limitación de velocidad"
"TR-501_40","Fin de limitación de velocidad"
"TR-501_50","Fin de limitación de velocidad"
"TR-501_60","Fin de limitación de velocidad"
"TR-501_70","Fin de limitación de velocidad"
"TR-501_80","Fin de limitación de velocidad"
"TR-501_90","Fin de la limitación de velocidad"
"TR-502","Fin de la prohibición de adelantamiento"
"TR-503","Fin de la prohibición de adelantamiento para camiones"
"TRAV","Travessera de Gràcia Tallat  per comerç al carrer"
"TS-52","Fin de carril destinado a la circulación"
"TS-53","Fin de carril destinado a la circulación"
"TS-54","Final de carrril destinado a la circulación"
"TS-55","Final de carril destinado a la circulación"
"TS-63","Calzada doble sentido en curva"
"TUNCE","Túnel de Lavado Izquierda"
"TUNPD","Gasolinera y Túnel de Lavado Derecha"
"TUNPD_30m","Gasolinera y Túnel de Lavado Derecha 30 m"
"TUNVE","Túnel de Lavado 180º Izquierda"
"VIANAN1","Vianants 1 cara"
"VIANAN2.1","Vianants 2 cares"
"VIANAN2.2","Vianants 2 cares BIS"
"VIANAN2.3","Vianants 2 cares 3"
"VIANAN2.4","Vianants 2 cares 4"
"VIANAN3.1","Vianants 3 cares"
"VIANAN3.2","Vianants 3 cares 2"
"VIANAN3.3","Vianants 3 cares 3"
"VIANAN3.4","Vianants 3 cares 4"
"VIANAN3.5","Vianants 3 cares 5"
"VIANAN3.6","Vianants 3 cares 6"
"VIANAN4.1","Vianants 4 cares"
"VIANAN4.2","Vianants 4 cares 2"
"VIANAN4.3","Vianants 4 cares 3"
"VIANAN4.4","Vianants 4 cares 4"
"VIANAN4.5","Vianants 4 cares 5"
"VIANAN4.6","Vianants 4 cares.6"
"VIANAN5","Vianants 5 cares "
"VIANAN5.2","Vianants 5 cares.2"
"VIANAN5.3","Vianants 5 cares.3"
"X","Señal sin Definir"
"Zona30Bic","Zona 30 Via Preferent Bicicletes"
